,Name,Color,Rarity,# Seen,ALSA,# Picked,ATA,# GP,GP WR,# OH,OH WR,# GD,GD WR,# GIH,GIH WR,# GND,GND WR
0,Felidar Retreat,W,R,918.0,1.26,737.0,1.23,4104.0,0.55,668.0,0.591,1061.0,0.615,1718.0,0.605,2355.0,0.508
1,"Drana, the Last Bloodchief",B,M,437.0,1.3,356.0,1.27,1919.0,0.549,330.0,0.579,528.0,0.61,832.0,0.593,1072.0,0.518
2,Maul of the Skyclaves,W,R,1020.0,1.4,719.0,1.38,3843.0,0.573,658.0,0.629,953.0,0.601,1602.0,0.612,2160.0,0.543
3,Nighthawk Scavenger,B,R,977.0,1.44,653.0,1.39,3671.0,0.572,656.0,0.627,1067.0,0.628,1608.0,0.627,2025.0,0.528
4,Leyline Tyrant,R,M,519.0,1.43,369.0,1.41,1957.0,0.573,324.0,0.639,522.0,0.626,814.0,0.631,1104.0,0.534
5,"Ashaya, Soul of the Wild",G,M,500.0,1.43,304.0,1.45,1381.0,0.531,219.0,0.557,382.0,0.599,586.0,0.589,789.0,0.49
6,"Jace, Mirror Mage",U,M,501.0,1.46,352.0,1.48,1686.0,0.517,291.0,0.495,492.0,0.533,777.0,0.519,888.0,0.511
7,Luminarch Aspirant,W,R,1007.0,1.51,683.0,1.48,3873.0,0.583,681.0,0.74,1024.0,0.614,1647.0,0.663,2178.0,0.524
8,Scute Swarm,G,R,1053.0,1.59,605.0,1.51,2919.0,0.524,510.0,0.563,794.0,0.569,1279.0,0.567,1587.0,0.491
9,"Moraug, Fury of Akoum",R,M,504.0,1.61,336.0,1.52,1672.0,0.538,239.0,0.594,466.0,0.543,690.0,0.561,942.0,0.519
10,"Taborax, Hope's Demise",B,R,1075.0,1.55,682.0,1.53,3543.0,0.544,619.0,0.593,957.0,0.565,1496.0,0.579,2019.0,0.518
11,Nullpriest of Oblivion,B,R,1085.0,1.58,724.0,1.55,3788.0,0.563,689.0,0.591,1071.0,0.613,1688.0,0.603,2050.0,0.53
12,Emeria's Call,W,M,561.0,1.63,333.0,1.56,1481.0,0.525,255.0,0.545,398.0,0.588,625.0,0.566,818.0,0.489
13,Angel of Destiny,W,M,539.0,1.62,321.0,1.58,1418.0,0.546,221.0,0.57,392.0,0.612,576.0,0.602,807.0,0.509
14,"Tazri, Beacon of Unity",WUBRG,M,578.0,1.65,356.0,1.59,1778.0,0.557,294.0,0.595,498.0,0.58,763.0,0.582,985.0,0.538
15,Inscription of Abundance,G,R,1146.0,1.69,603.0,1.68,2932.0,0.547,501.0,0.567,870.0,0.634,1283.0,0.602,1611.0,0.503
16,Skyclave Shade,B,R,1140.0,1.73,721.0,1.68,3744.0,0.559,698.0,0.585,996.0,0.565,1662.0,0.573,2049.0,0.548
17,"Phylath, World Sculptor",RG,R,1187.0,1.76,685.0,1.69,3277.0,0.553,557.0,0.627,866.0,0.612,1402.0,0.616,1840.0,0.506
18,"Zagras, Thief of Heartbeats",BR,R,1181.0,1.87,773.0,1.73,3937.0,0.572,680.0,0.647,1032.0,0.659,1655.0,0.656,2258.0,0.51
19,"Zareth San, the Trickster",UB,R,1261.0,1.86,784.0,1.73,3647.0,0.537,641.0,0.602,1111.0,0.58,1688.0,0.584,1921.0,0.493
20,Hagra Mauling,B,R,1292.0,1.76,771.0,1.76,3846.0,0.544,680.0,0.519,988.0,0.564,1620.0,0.542,2186.0,0.547
21,Inscription of Ruin,B,R,1163.0,1.74,661.0,1.8,3415.0,0.555,575.0,0.577,861.0,0.575,1407.0,0.576,1970.0,0.54
22,Agadeem's Awakening,B,M,582.0,1.81,351.0,1.83,1640.0,0.536,251.0,0.538,459.0,0.553,695.0,0.544,930.0,0.531
23,Squad Commander,W,R,1307.0,1.88,736.0,1.83,3863.0,0.578,626.0,0.647,997.0,0.639,1602.0,0.64,2181.0,0.533
24,Oran-Rief Ooze,G,R,1209.0,1.83,512.0,1.86,2421.0,0.538,446.0,0.581,665.0,0.558,1064.0,0.568,1327.0,0.514
25,Kazandu Mammoth,G,R,1260.0,1.87,546.0,1.86,2525.0,0.525,481.0,0.555,710.0,0.551,1139.0,0.55,1348.0,0.504
26,Inscription of Insight,U,R,1300.0,1.87,816.0,1.92,4381.0,0.557,672.0,0.564,1445.0,0.639,2031.0,0.612,2294.0,0.511
27,Skyclave Apparition,W,R,1277.0,1.92,559.0,1.92,2607.0,0.558,442.0,0.557,651.0,0.587,1074.0,0.577,1511.0,0.545
28,Shatterskull Smashing,R,M,633.0,1.93,383.0,1.96,1981.0,0.552,345.0,0.548,509.0,0.552,810.0,0.544,1117.0,0.556
29,Shatterskull Charger,R,R,1441.0,2.04,754.0,2.03,3971.0,0.575,653.0,0.596,1171.0,0.58,1546.0,0.587,2380.0,0.567
30,Soul Shatter,B,R,1350.0,1.97,668.0,2.04,3265.0,0.548,569.0,0.517,826.0,0.581,1381.0,0.555,1833.0,0.544
31,Kargan Intimidator,R,R,1384.0,2.03,736.0,2.05,3924.0,0.574,704.0,0.656,899.0,0.568,1568.0,0.61,2298.0,0.55
32,Lotus Cobra,G,R,1442.0,2.01,509.0,2.1,2298.0,0.526,406.0,0.616,589.0,0.482,981.0,0.535,1276.0,0.518
33,Master of Winds,U,R,1437.0,2.15,836.0,2.15,4471.0,0.559,758.0,0.606,1343.0,0.639,2055.0,0.626,2358.0,0.501
34,Glasspool Mimic,U,R,1496.0,2.06,766.0,2.15,3913.0,0.537,741.0,0.552,1143.0,0.571,1826.0,0.562,2060.0,0.515
35,Legion Angel,W,R,1483.0,2.17,652.0,2.23,3132.0,0.546,505.0,0.574,804.0,0.542,1266.0,0.557,1837.0,0.541
36,Relic Robber,R,R,1522.0,2.17,690.0,2.23,3619.0,0.558,662.0,0.6,852.0,0.577,1493.0,0.587,2085.0,0.54
37,Tajuru Paragon,G,R,1535.0,2.22,544.0,2.25,2518.0,0.53,435.0,0.579,688.0,0.549,1089.0,0.557,1401.0,0.51
38,"Charix, the Raging Isle",U,R,1597.0,2.26,817.0,2.25,3913.0,0.525,633.0,0.524,1219.0,0.523,1819.0,0.526,2069.0,0.527
39,"Orah, Skyclave Hierophant",WB,R,1614.0,2.41,651.0,2.27,2725.0,0.549,493.0,0.582,816.0,0.597,1227.0,0.591,1478.0,0.514
40,Cragplate Baloth,G,R,1498.0,2.2,420.0,2.29,1834.0,0.521,263.0,0.452,518.0,0.535,776.0,0.506,1033.0,0.532
41,Bloodchief's Thirst,B,U,4339.0,2.13,2224.0,2.3,10388.0,0.545,1979.0,0.545,2852.0,0.568,4651.0,0.561,5545.0,0.53
42,Swarm Shambler,G,R,1523.0,2.14,447.0,2.33,1937.0,0.51,338.0,0.595,557.0,0.501,858.0,0.537,1067.0,0.488
43,Roost of Drakes,U,U,4864.0,2.41,3051.0,2.44,13523.0,0.548,2863.0,0.602,4567.0,0.618,7099.0,0.606,6191.0,0.481
44,Magmatic Channeler,R,R,1553.0,2.35,780.0,2.46,3934.0,0.564,726.0,0.594,989.0,0.559,1679.0,0.575,2180.0,0.556
45,"Verazol, the Split Current",UG,R,1741.0,2.52,753.0,2.52,2960.0,0.517,518.0,0.533,874.0,0.563,1346.0,0.552,1582.0,0.491
46,Thieving Skydiver,U,R,1697.0,2.43,779.0,2.58,3838.0,0.536,672.0,0.551,1207.0,0.586,1848.0,0.573,1949.0,0.503
47,"Grakmaw, Skyclave Ravager",BG,R,1618.0,2.61,481.0,2.78,1726.0,0.532,316.0,0.595,488.0,0.561,772.0,0.567,934.0,0.499
48,Thundering Rebuke,R,U,5391.0,2.58,2549.0,2.79,11966.0,0.556,2309.0,0.571,3282.0,0.577,5340.0,0.574,6469.0,0.542
49,Coralhelm Chronicler,U,R,1968.0,2.67,777.0,2.85,3625.0,0.532,629.0,0.555,1080.0,0.58,1675.0,0.573,1912.0,0.495
50,Journey to Oblivion,W,U,5380.0,2.56,1906.0,2.88,8634.0,0.55,1531.0,0.545,2424.0,0.566,3836.0,0.559,4680.0,0.543
51,Archpriest of Iona,W,R,1760.0,2.56,568.0,2.93,2624.0,0.567,452.0,0.606,695.0,0.564,1132.0,0.58,1453.0,0.559
52,Fearless Fledgling,W,U,5462.0,2.72,1845.0,3.0,8193.0,0.558,1656.0,0.64,2329.0,0.559,3761.0,0.593,4294.0,0.525
53,Roil Eruption,R,C,16482.0,2.8,8176.0,3.11,29430.0,0.551,7073.0,0.562,10106.0,0.576,15353.0,0.569,13660.0,0.531
54,Deadly Alliance,B,C,16155.0,2.76,6679.0,3.13,26307.0,0.548,5466.0,0.543,8536.0,0.572,12972.0,0.561,12981.0,0.535
55,Ruin Crab,U,U,5697.0,2.89,2107.0,3.14,8488.0,0.554,1752.0,0.654,2830.0,0.573,4283.0,0.597,4083.0,0.508
56,Valakut Exploration,R,R,1874.0,2.92,613.0,3.17,2634.0,0.535,423.0,0.454,635.0,0.546,1054.0,0.51,1557.0,0.552
57,"Akiri, Fearless Voyager",WR,R,1964.0,3.11,610.0,3.19,2286.0,0.563,390.0,0.587,503.0,0.586,873.0,0.589,1382.0,0.545
58,"Linvala, Shield of Sea Gate",WU,R,2032.0,2.99,590.0,3.22,1872.0,0.539,364.0,0.582,602.0,0.62,940.0,0.602,903.0,0.475
59,Nimble Trapfinder,U,R,2028.0,2.91,720.0,3.25,3096.0,0.524,555.0,0.499,874.0,0.54,1398.0,0.524,1661.0,0.523
60,Attended Healer,W,U,6288.0,3.0,2071.0,3.28,7983.0,0.546,1607.0,0.578,2422.0,0.585,3756.0,0.581,4132.0,0.515
61,Thwart the Grave,B,U,6436.0,3.02,2751.0,3.3,12572.0,0.559,2126.0,0.544,3456.0,0.598,5446.0,0.576,6943.0,0.547
62,Lullmage's Domination,U,U,6342.0,3.04,2663.0,3.33,11770.0,0.547,2040.0,0.541,4218.0,0.596,5886.0,0.575,5748.0,0.518
63,Merfolk Falconer,U,U,6554.0,3.08,2555.0,3.39,11464.0,0.532,2056.0,0.526,3854.0,0.567,5557.0,0.554,5748.0,0.51
64,Emeria Captain,W,U,6504.0,3.0,2078.0,3.5,9198.0,0.552,1762.0,0.557,2653.0,0.56,4155.0,0.56,4909.0,0.546
65,Cleric of Life's Bond,WB,U,6692.0,3.39,2079.0,3.64,7344.0,0.56,1613.0,0.646,2477.0,0.598,3671.0,0.612,3574.0,0.507
66,Soaring Thought-Thief,UB,U,6798.0,3.47,2111.0,3.76,7220.0,0.564,1616.0,0.655,2598.0,0.626,3821.0,0.629,3312.0,0.493
67,Blackbloom Rogue,B,U,7798.0,3.18,2688.0,3.82,13184.0,0.552,2609.0,0.545,3581.0,0.567,5861.0,0.561,7165.0,0.544
68,Into the Roil,U,C,20935.0,3.42,8693.0,3.94,29844.0,0.534,7320.0,0.536,12246.0,0.577,17037.0,0.559,12413.0,0.5
69,Thundering Sparkmage,R,U,7604.0,3.44,2742.0,3.99,11628.0,0.561,2196.0,0.592,3218.0,0.572,5170.0,0.58,6259.0,0.545
70,Rockslide Sorcerer,R,U,7721.0,3.67,2859.0,4.0,10832.0,0.535,2210.0,0.551,3457.0,0.546,5293.0,0.549,5413.0,0.522
71,Bubble Snare,U,C,20180.0,3.34,7004.0,4.01,25756.0,0.535,5841.0,0.521,9576.0,0.571,14154.0,0.554,11219.0,0.512
72,Archon of Emeria,W,R,2209.0,3.11,390.0,4.03,1232.0,0.498,207.0,0.512,307.0,0.511,498.0,0.512,704.0,0.484
73,Kabira Takedown,W,U,8409.0,3.32,2500.0,4.04,11663.0,0.551,2219.0,0.566,3217.0,0.567,5149.0,0.566,6380.0,0.538
74,Vine Gecko,G,U,7527.0,3.6,2196.0,4.08,8145.0,0.529,1812.0,0.595,2728.0,0.556,4166.0,0.563,3851.0,0.491
75,Acquisitions Expert,B,U,7417.0,3.36,2343.0,4.11,10804.0,0.558,2129.0,0.601,3043.0,0.574,4903.0,0.584,5784.0,0.536
76,Scion of the Swarm,B,U,7589.0,3.5,1824.0,4.13,6834.0,0.525,1290.0,0.538,2136.0,0.549,3189.0,0.545,3563.0,0.506
77,Khalni Ambush,G,U,8411.0,3.34,1925.0,4.15,8621.0,0.519,1599.0,0.514,2550.0,0.521,3872.0,0.518,4593.0,0.519
78,Murasa Sproutling,G,U,7745.0,3.59,2166.0,4.19,8301.0,0.527,1663.0,0.53,2695.0,0.558,4100.0,0.546,4129.0,0.509
79,Feed the Swarm,B,C,20771.0,3.46,5886.0,4.21,24277.0,0.541,4940.0,0.549,7228.0,0.551,11548.0,0.551,12464.0,0.534
80,Windrider Wizard,U,U,7950.0,3.62,2377.0,4.3,10456.0,0.529,2063.0,0.55,3483.0,0.549,5265.0,0.549,5077.0,0.51
81,Shatterskull Minotaur,R,U,8117.0,3.72,2696.0,4.32,11808.0,0.564,2105.0,0.6,3281.0,0.553,5119.0,0.571,6513.0,0.557
82,Umara Wizard,U,U,9371.0,3.64,3067.0,4.35,14531.0,0.522,2811.0,0.508,4664.0,0.543,7115.0,0.532,7251.0,0.513
83,Ondu Inversion,W,R,2555.0,3.42,513.0,4.45,1722.0,0.521,315.0,0.517,472.0,0.54,772.0,0.532,919.0,0.514
84,Valakut Awakening,R,R,2738.0,3.6,607.0,4.53,2556.0,0.525,476.0,0.496,657.0,0.482,1098.0,0.486,1430.0,0.555
85,Nahiri's Binding,W,C,21102.0,3.49,3927.0,4.58,14400.0,0.537,2811.0,0.524,4287.0,0.53,6697.0,0.53,7447.0,0.544
86,Clearwater Pathway,UB,R,2788.0,3.48,469.0,4.61,1385.0,0.526,270.0,0.548,359.0,0.526,627.0,0.534,746.0,0.521
87,Vastwood Surge,G,U,7822.0,3.66,1681.0,4.62,7084.0,0.509,1241.0,0.495,2198.0,0.525,3272.0,0.51,3735.0,0.506
88,Vanquish the Weak,B,C,22739.0,3.72,5678.0,4.64,22655.0,0.547,4738.0,0.552,6847.0,0.564,10929.0,0.556,11465.0,0.538
89,Brightclimb Pathway,WB,R,2618.0,3.39,380.0,4.65,1087.0,0.506,209.0,0.531,260.0,0.523,466.0,0.526,600.0,0.49
90,Sure-Footed Infiltrator,U,U,7967.0,3.8,1956.0,4.67,7080.0,0.525,1246.0,0.524,2338.0,0.554,3354.0,0.542,3633.0,0.509
91,Shepherd of Heroes,W,C,23110.0,3.79,6060.0,4.73,21630.0,0.553,4782.0,0.555,7519.0,0.574,11201.0,0.568,10125.0,0.537
92,Goma Fada Vanguard,R,U,8807.0,4.04,2436.0,4.88,10173.0,0.569,2188.0,0.595,2652.0,0.553,4555.0,0.57,5472.0,0.569
93,Rabid Bite,G,C,23430.0,3.9,4337.0,5.13,15211.0,0.527,3332.0,0.524,5313.0,0.558,7843.0,0.544,7143.0,0.508
94,Kargan Warleader,WR,U,8598.0,4.35,2076.0,5.13,6525.0,0.581,1478.0,0.624,1777.0,0.607,3017.0,0.613,3408.0,0.553
95,Needleverge Pathway,WR,R,2871.0,3.71,477.0,5.14,1287.0,0.546,250.0,0.524,268.0,0.463,505.0,0.487,775.0,0.581
96,Shadow Stinger,B,U,8783.0,4.05,1837.0,5.15,7079.0,0.549,1387.0,0.558,2163.0,0.532,3281.0,0.545,3727.0,0.553
97,Sejiri Shelter,W,U,10131.0,3.95,2379.0,5.15,11377.0,0.551,2151.0,0.557,2978.0,0.532,4910.0,0.543,6313.0,0.558
98,Akoum Warrior,R,U,10438.0,4.1,2947.0,5.15,14079.0,0.544,2538.0,0.525,3779.0,0.528,5938.0,0.527,7894.0,0.557
99,Bala Ged Recovery,G,U,10178.0,3.99,2333.0,5.15,9950.0,0.523,1839.0,0.513,3057.0,0.551,4587.0,0.533,5231.0,0.515
100,Veteran Adventurer,G,U,8630.0,4.0,1484.0,5.2,4978.0,0.526,857.0,0.526,1645.0,0.544,2362.0,0.538,2539.0,0.514
101,Riverglide Pathway,UR,R,2936.0,3.7,509.0,5.32,1415.0,0.481,249.0,0.502,406.0,0.49,649.0,0.493,737.0,0.474
102,Tazeem Roilmage,U,C,26996.0,4.31,8431.0,5.35,29249.0,0.533,7001.0,0.504,11380.0,0.554,16480.0,0.536,12359.0,0.529
103,Tangled Florahedron,G,U,10004.0,4.0,1728.0,5.38,7606.0,0.516,1499.0,0.561,1989.0,0.509,3389.0,0.531,4131.0,0.504
104,Kor Blademaster,W,U,9121.0,4.3,1813.0,5.42,6219.0,0.555,1331.0,0.603,1649.0,0.532,2824.0,0.564,3293.0,0.547
105,Cunning Geysermage,U,C,27476.0,4.29,7231.0,5.56,25912.0,0.529,5857.0,0.511,10041.0,0.556,14438.0,0.541,11117.0,0.514
106,"Kaza, Roil Chaser",UR,R,3010.0,4.21,596.0,5.57,1752.0,0.504,310.0,0.526,551.0,0.488,854.0,0.504,870.0,0.505
107,Kor Celebrant,W,C,26314.0,4.42,6009.0,5.57,17246.0,0.539,4503.0,0.557,6372.0,0.554,9536.0,0.555,7499.0,0.521
108,Kazuul's Fury,R,U,11360.0,4.43,2997.0,5.58,14373.0,0.55,2725.0,0.552,3891.0,0.54,6245.0,0.542,7944.0,0.557
109,Roiling Regrowth,G,U,8978.0,4.27,1436.0,5.64,4843.0,0.503,901.0,0.496,1321.0,0.5,2154.0,0.499,2612.0,0.506
110,Lullmage's Familiar,UG,U,9447.0,4.7,2149.0,5.65,6469.0,0.528,1346.0,0.579,2258.0,0.558,3340.0,0.563,3034.0,0.49
111,Malakir Blood-Priest,B,C,27748.0,4.42,6974.0,5.69,24064.0,0.553,5929.0,0.577,8222.0,0.575,12602.0,0.575,11162.0,0.528
112,Spikefield Hazard,R,U,11379.0,4.33,2588.0,5.69,12374.0,0.545,2293.0,0.533,3208.0,0.536,5295.0,0.535,6905.0,0.552
113,Malakir Rebirth,B,U,11175.0,4.28,2443.0,5.73,11706.0,0.537,2162.0,0.53,3088.0,0.519,5101.0,0.522,6483.0,0.548
114,Umara Mystic,UR,U,9996.0,4.97,2483.0,5.75,6990.0,0.519,1543.0,0.548,2644.0,0.551,3834.0,0.551,3061.0,0.481
115,Skyclave Cleric,W,U,10725.0,4.24,2017.0,5.78,9219.0,0.54,1775.0,0.546,2420.0,0.54,4043.0,0.543,5045.0,0.539
116,Skyclave Geopede,R,U,9285.0,4.46,1972.0,5.81,6847.0,0.551,1373.0,0.57,1809.0,0.542,3011.0,0.554,3750.0,0.549
117,Merfolk Windrobber,U,U,9110.0,4.29,1639.0,5.85,5634.0,0.539,1106.0,0.587,1818.0,0.552,2754.0,0.565,2809.0,0.515
118,Grotag Night-Runner,R,U,9934.0,4.48,2084.0,5.89,8366.0,0.547,1496.0,0.547,2125.0,0.516,3461.0,0.528,4795.0,0.562
119,Grotag Bug-Catcher,R,C,29507.0,4.92,8708.0,5.93,26004.0,0.559,7329.0,0.596,9114.0,0.55,14459.0,0.57,11185.0,0.545
120,Paired Tactician,W,U,9597.0,4.51,1601.0,5.95,5765.0,0.547,1161.0,0.554,1565.0,0.53,2593.0,0.539,3108.0,0.555
121,Gnarlid Colony,G,C,27423.0,4.5,5172.0,5.96,16548.0,0.512,4109.0,0.506,5939.0,0.528,8921.0,0.52,7380.0,0.502
122,Taunting Arbormage,G,U,10116.0,4.6,2067.0,6.05,7525.0,0.516,1385.0,0.488,2240.0,0.533,3497.0,0.517,3917.0,0.515
123,Expedition Diviner,U,C,28389.0,4.6,6797.0,6.09,22487.0,0.525,5175.0,0.508,8682.0,0.541,12490.0,0.53,9701.0,0.52
124,Demon's Disciple,B,U,9741.0,4.38,1619.0,6.1,6122.0,0.539,1121.0,0.561,1821.0,0.553,2759.0,0.555,3285.0,0.527
125,Territorial Scythecat,G,C,26054.0,4.34,3199.0,6.26,10223.0,0.513,2362.0,0.536,3334.0,0.515,5184.0,0.522,4912.0,0.504
126,Pelakka Predation,B,U,12049.0,4.63,2299.0,6.32,10538.0,0.533,1945.0,0.507,2771.0,0.527,4601.0,0.518,5842.0,0.545
127,Kitesail Cleric,W,U,10078.0,4.63,1632.0,6.39,6250.0,0.546,1127.0,0.571,1713.0,0.513,2755.0,0.534,3411.0,0.555
128,Marauding Blight-Priest,B,C,28740.0,4.87,5615.0,6.39,15753.0,0.54,3976.0,0.534,5823.0,0.548,8586.0,0.544,6920.0,0.534
129,Spoils of Adventure,WU,U,10456.0,5.05,2109.0,6.49,4996.0,0.54,995.0,0.559,1795.0,0.578,2566.0,0.567,2360.0,0.511
130,Zof Consumption,B,U,12703.0,4.84,2660.0,6.55,12123.0,0.548,2306.0,0.532,3242.0,0.536,5345.0,0.534,6620.0,0.56
131,Ghastly Gloomhunter,B,C,29170.0,4.64,4926.0,6.58,17312.0,0.537,3846.0,0.529,5674.0,0.539,8663.0,0.537,8401.0,0.536
132,Jwari Disruption,U,U,12227.0,4.85,2354.0,6.6,10532.0,0.528,1969.0,0.526,3070.0,0.535,4939.0,0.53,5443.0,0.526
133,Murasa Rootgrazer,WG,U,9564.0,4.81,1205.0,6.67,2529.0,0.54,553.0,0.584,761.0,0.548,1221.0,0.566,1272.0,0.514
134,Makindi Stampede,W,U,12086.0,4.9,2252.0,6.71,9972.0,0.537,1848.0,0.488,2600.0,0.516,4252.0,0.507,5595.0,0.558
135,Canyon Jerboa,W,U,9757.0,4.71,1154.0,6.74,3005.0,0.505,556.0,0.455,767.0,0.499,1275.0,0.479,1673.0,0.523
136,Song-Mad Treachery,R,U,12122.0,4.81,2392.0,6.74,10933.0,0.544,1996.0,0.545,2936.0,0.52,4648.0,0.528,6115.0,0.557
137,Fireblade Charger,R,U,10855.0,5.05,2030.0,6.77,6750.0,0.555,1318.0,0.57,1644.0,0.54,2852.0,0.554,3818.0,0.555
138,Expedition Healer,W,C,30547.0,4.97,5308.0,6.78,17038.0,0.546,4181.0,0.562,5716.0,0.549,8885.0,0.555,7951.0,0.535
139,Moss-Pit Skeleton,BG,U,9897.0,4.97,1394.0,6.8,3272.0,0.507,728.0,0.508,1265.0,0.532,1644.0,0.517,1588.0,0.495
140,Iridescent Hornbeetle,G,U,10055.0,4.81,1289.0,6.83,3120.0,0.49,546.0,0.485,912.0,0.477,1375.0,0.492,1700.0,0.486
141,Joraga Visionary,G,C,30342.0,4.99,4582.0,6.91,14804.0,0.529,3299.0,0.539,4930.0,0.542,7501.0,0.541,7081.0,0.516
142,Nimana Skydancer,B,C,30216.0,4.94,5052.0,7.0,17402.0,0.539,3827.0,0.537,5646.0,0.541,8691.0,0.539,8506.0,0.539
143,Vastwood Fortification,G,U,12173.0,4.94,1809.0,7.05,7568.0,0.523,1496.0,0.539,2244.0,0.539,3507.0,0.537,3979.0,0.512
144,Field Research,U,C,31815.0,5.32,7055.0,7.07,25387.0,0.531,5278.0,0.533,8707.0,0.562,12839.0,0.549,12183.0,0.514
145,Ardent Electromancer,R,C,33147.0,5.61,8250.0,7.18,25904.0,0.556,6407.0,0.579,8454.0,0.549,13479.0,0.562,12036.0,0.551
146,Expedition Skulker,B,C,32018.0,5.24,5667.0,7.19,18827.0,0.548,4482.0,0.555,6187.0,0.546,9593.0,0.551,8990.0,0.544
147,Beyeen Veil,U,U,13474.0,5.33,2859.0,7.21,12706.0,0.521,2441.0,0.512,3888.0,0.531,6139.0,0.523,6385.0,0.521
148,Silundi Vision,U,U,13130.0,5.3,2636.0,7.31,11242.0,0.521,2109.0,0.506,3397.0,0.534,5330.0,0.524,5779.0,0.518
149,Canopy Baloth,G,C,30410.0,5.1,3821.0,7.35,10977.0,0.516,2381.0,0.542,3577.0,0.519,5469.0,0.528,5356.0,0.504
150,Subtle Strike,B,C,31808.0,5.21,5292.0,7.35,18118.0,0.544,3541.0,0.555,5195.0,0.56,8339.0,0.557,9549.0,0.533
151,Skyclave Plunder,U,U,11530.0,5.35,1965.0,7.43,5864.0,0.523,964.0,0.523,1708.0,0.556,2603.0,0.541,3182.0,0.509
152,Blood Beckoning,B,C,32988.0,5.51,6738.0,7.44,24222.0,0.539,4394.0,0.505,7186.0,0.54,11125.0,0.528,12838.0,0.548
153,Brushfire Elemental,RG,U,9885.0,5.18,1164.0,7.52,2328.0,0.531,516.0,0.589,651.0,0.53,1087.0,0.553,1201.0,0.512
154,Expedition Champion,R,C,32537.0,5.64,6279.0,7.56,18688.0,0.556,4661.0,0.578,5853.0,0.527,9474.0,0.549,8945.0,0.563
155,Skyclave Shadowcat,B,U,10661.0,4.99,1344.0,7.61,3236.0,0.499,606.0,0.52,909.0,0.475,1415.0,0.497,1789.0,0.503
156,Seafloor Stalker,U,C,33001.0,5.64,6585.0,7.67,20145.0,0.528,4364.0,0.542,7388.0,0.554,10782.0,0.547,9090.0,0.507
157,Prowling Felidar,W,C,29590.0,5.05,3099.0,7.71,7279.0,0.511,1551.0,0.513,2261.0,0.49,3505.0,0.503,3638.0,0.519
158,Reclaim the Wastes,G,C,33489.0,5.8,5269.0,7.91,14999.0,0.505,3376.0,0.497,4992.0,0.507,7679.0,0.501,7095.0,0.507
159,Cinderclasm,R,U,11469.0,5.59,1757.0,7.93,3419.0,0.532,642.0,0.519,1030.0,0.543,1625.0,0.535,1760.0,0.53
160,Ravager's Mace,BR,U,12324.0,6.15,2285.0,8.03,5577.0,0.55,1025.0,0.517,1415.0,0.532,2359.0,0.528,3145.0,0.567
161,Synchronized Spellcraft,R,C,32982.0,5.66,5192.0,8.06,15917.0,0.543,2898.0,0.534,4650.0,0.529,7198.0,0.531,8475.0,0.555
162,Fissure Wizard,R,C,35253.0,6.15,6990.0,8.19,22184.0,0.547,5067.0,0.55,6716.0,0.533,10893.0,0.542,10920.0,0.553
163,Risen Riptide,U,C,34452.0,6.23,6128.0,8.45,12802.0,0.52,3189.0,0.507,5002.0,0.537,7285.0,0.527,5366.0,0.512
164,Tajuru Blightblade,G,C,33058.0,5.69,3613.0,8.57,10877.0,0.519,2198.0,0.545,3323.0,0.519,5179.0,0.531,5582.0,0.508
165,Tazeem Raptor,W,C,34666.0,5.92,4649.0,8.58,11184.0,0.53,2337.0,0.496,3268.0,0.523,5235.0,0.51,5776.0,0.547
166,Zulaport Duelist,U,C,34040.0,6.04,5419.0,8.61,14333.0,0.542,3123.0,0.542,4896.0,0.578,7427.0,0.561,6666.0,0.524
167,Angelheart Protector,W,C,34738.0,6.03,4982.0,8.61,13544.0,0.537,2795.0,0.514,4051.0,0.527,6422.0,0.525,6953.0,0.547
168,Mind Drain,B,C,34974.0,6.12,5488.0,8.63,15880.0,0.546,2901.0,0.543,4426.0,0.566,7121.0,0.557,8581.0,0.539
169,Skyclave Pick-Axe,G,U,11466.0,5.63,1103.0,8.68,2198.0,0.485,402.0,0.445,543.0,0.451,919.0,0.449,1257.0,0.51
170,Glacial Grasp,U,C,35548.0,6.15,5756.0,8.76,13419.0,0.53,2684.0,0.506,4675.0,0.551,6844.0,0.536,6375.0,0.524
171,Practiced Tactics,W,C,35465.0,6.31,5484.0,8.77,14091.0,0.547,2814.0,0.548,4415.0,0.553,6821.0,0.55,7102.0,0.544
172,Cliffhaven Sell-Sword,W,C,35648.0,6.31,5801.0,8.81,16745.0,0.55,3797.0,0.567,5143.0,0.519,8288.0,0.541,8225.0,0.56
173,Farsight Adept,W,C,35415.0,6.18,5053.0,8.84,13166.0,0.542,2698.0,0.54,3854.0,0.53,6096.0,0.536,6915.0,0.548
174,Kazandu Stomper,G,C,35073.0,6.22,4542.0,8.91,13069.0,0.509,2320.0,0.5,4096.0,0.515,6122.0,0.511,6807.0,0.508
175,Springmantle Cleric,G,U,12054.0,5.92,1428.0,8.93,2725.0,0.486,474.0,0.487,853.0,0.508,1251.0,0.508,1424.0,0.464
176,Mind Carver,B,U,12126.0,6.06,1399.0,8.99,2279.0,0.538,371.0,0.488,654.0,0.528,1003.0,0.517,1236.0,0.556
177,Sea Gate Banneret,W,C,35589.0,6.3,4893.0,9.07,14908.0,0.553,2852.0,0.571,4017.0,0.55,6633.0,0.559,8067.0,0.548
178,Nimana Skitter-Sneak,B,C,36371.0,6.41,5456.0,9.1,13959.0,0.537,2839.0,0.515,4620.0,0.534,6776.0,0.53,7020.0,0.545
179,Dauntless Survivor,G,C,34981.0,6.13,3622.0,9.17,8605.0,0.507,1928.0,0.503,2729.0,0.5,4355.0,0.504,4153.0,0.51
180,Kabira Outrider,W,C,36378.0,6.5,5273.0,9.2,13760.0,0.548,2559.0,0.528,4137.0,0.549,6358.0,0.544,7214.0,0.551
181,Pyroclastic Hellion,R,C,37028.0,6.67,6416.0,9.29,17363.0,0.549,3073.0,0.548,5036.0,0.551,7673.0,0.554,9366.0,0.546
182,Skyclave Squid,U,C,37709.0,6.87,7405.0,9.29,16927.0,0.531,3871.0,0.559,5850.0,0.527,8939.0,0.539,7751.0,0.523
183,Teeterpeak Ambusher,R,C,36817.0,6.83,5966.0,9.44,15389.0,0.548,3328.0,0.538,4292.0,0.531,7147.0,0.536,8044.0,0.559
184,Allied Assault,W,U,13196.0,6.65,1720.0,9.52,2859.0,0.549,486.0,0.541,786.0,0.518,1246.0,0.531,1583.0,0.565
185,Turntimber Ascetic,G,C,36816.0,6.58,4453.0,9.56,10267.0,0.524,1862.0,0.519,3220.0,0.544,4832.0,0.536,5276.0,0.514
186,Chilling Trap,U,C,38427.0,7.34,7177.0,9.81,12678.0,0.523,2852.0,0.538,5127.0,0.554,7184.0,0.547,5312.0,0.492
187,Cascade Seer,U,C,37250.0,6.84,5459.0,9.82,9737.0,0.511,1735.0,0.494,3290.0,0.531,4786.0,0.517,4804.0,0.506
188,Scorch Rider,R,C,37522.0,7.01,5562.0,9.89,12147.0,0.545,2339.0,0.535,3401.0,0.527,5393.0,0.533,6576.0,0.557
189,Shell Shield,U,C,38025.0,7.14,5712.0,10.09,10067.0,0.515,1776.0,0.497,3360.0,0.53,4939.0,0.52,4981.0,0.509
190,Might of Murasa,G,C,37405.0,7.0,4296.0,10.18,8315.0,0.519,1449.0,0.533,2666.0,0.544,3914.0,0.538,4226.0,0.504
191,Sneaking Guide,R,C,38594.0,7.78,7069.0,10.24,16724.0,0.56,3392.0,0.58,4410.0,0.526,7511.0,0.551,9003.0,0.568
192,Molten Blast,R,C,37345.0,7.05,5112.0,10.26,7841.0,0.528,1364.0,0.521,2173.0,0.508,3442.0,0.514,4260.0,0.542
193,Cleric of Chill Depths,U,C,37819.0,7.06,4868.0,10.36,7243.0,0.495,1413.0,0.493,2333.0,0.493,3588.0,0.494,3566.0,0.497
194,Anticognition,U,C,36935.0,6.98,4646.0,10.37,6474.0,0.531,1292.0,0.546,2017.0,0.541,3152.0,0.543,3213.0,0.519
195,Kazandu Nectarpot,G,C,37149.0,7.13,4026.0,10.41,6399.0,0.505,1316.0,0.504,1980.0,0.504,3126.0,0.503,3172.0,0.506
196,Drana's Silencer,B,C,38615.0,7.2,4896.0,10.46,6300.0,0.526,977.0,0.464,1812.0,0.514,2721.0,0.498,3513.0,0.548
197,Dreadwurm,B,C,37447.0,7.13,4300.0,10.58,5569.0,0.508,919.0,0.514,1654.0,0.505,2452.0,0.512,3061.0,0.507
198,Hagra Constrictor,B,C,37280.0,7.06,3825.0,10.6,3979.0,0.489,844.0,0.453,1255.0,0.469,1937.0,0.463,1986.0,0.513
199,Spitfire Lagac,R,C,37262.0,7.23,4627.0,10.65,5546.0,0.525,1087.0,0.546,1690.0,0.504,2592.0,0.522,2887.0,0.531
200,Smite the Monstrous,W,C,36506.0,6.79,2958.0,10.67,3164.0,0.504,498.0,0.49,834.0,0.514,1312.0,0.507,1772.0,0.5
201,Blood Price,B,C,38718.0,7.43,5084.0,10.69,7210.0,0.523,1191.0,0.511,1852.0,0.51,3006.0,0.511,4105.0,0.532
202,Scale the Heights,G,C,35938.0,6.81,2945.0,10.75,3893.0,0.512,744.0,0.508,1039.0,0.522,1724.0,0.517,2081.0,0.506
203,Inordinate Rage,R,C,38441.0,7.71,5667.0,10.79,10013.0,0.544,1740.0,0.521,2590.0,0.519,4214.0,0.521,5652.0,0.561
204,Murasa Brute,G,C,38013.0,7.4,4243.0,10.8,5828.0,0.518,1201.0,0.515,1719.0,0.516,2737.0,0.519,3036.0,0.517
205,Living Tempest,U,C,38603.0,7.4,4804.0,10.82,4713.0,0.514,765.0,0.499,1504.0,0.515,2182.0,0.511,2464.0,0.518
206,Deliberate,U,C,38408.0,7.43,4695.0,10.87,4787.0,0.502,922.0,0.507,1506.0,0.502,2326.0,0.506,2393.0,0.501
207,Highborn Vampire,B,C,39545.0,7.76,5291.0,11.04,6157.0,0.527,1104.0,0.485,1814.0,0.512,2739.0,0.505,3344.0,0.545
208,Dauntless Unity,W,C,38826.0,7.62,4369.0,11.09,4089.0,0.522,640.0,0.489,1069.0,0.522,1675.0,0.512,2325.0,0.532
209,Makindi Ox,W,C,38196.0,7.43,4042.0,11.1,3373.0,0.497,552.0,0.502,933.0,0.475,1413.0,0.484,1902.0,0.505
210,Resolute Strike,W,C,39073.0,7.82,4696.0,11.15,6005.0,0.558,1020.0,0.546,1496.0,0.535,2458.0,0.542,3432.0,0.568
211,Scavenged Blade,R,C,38051.0,7.74,4486.0,11.19,5438.0,0.542,982.0,0.529,1342.0,0.499,2248.0,0.512,3099.0,0.564
212,Akoum Hellhound,R,C,36365.0,7.38,3544.0,11.25,2411.0,0.5,613.0,0.56,761.0,0.43,1241.0,0.487,1142.0,0.518
213,Guul Draz Mucklord,B,C,38094.0,7.51,3743.0,11.41,2627.0,0.49,540.0,0.45,715.0,0.488,1189.0,0.468,1394.0,0.507
214,Oblivion's Hunger,B,C,39004.0,7.93,4111.0,11.69,2370.0,0.496,412.0,0.466,682.0,0.506,1054.0,0.49,1277.0,0.5
215,Nissa's Zendikon,G,C,38441.0,7.93,3835.0,11.7,2518.0,0.477,461.0,0.449,733.0,0.487,1155.0,0.477,1338.0,0.477
216,Mesa Lynx,W,C,39482.0,8.21,4598.0,11.73,2715.0,0.507,538.0,0.502,725.0,0.477,1201.0,0.494,1436.0,0.517
217,Sizzling Barrage,R,C,38711.0,8.15,4370.0,11.75,2633.0,0.515,467.0,0.454,726.0,0.494,1152.0,0.484,1447.0,0.538
218,Tajuru Snarecaster,G,C,39760.0,8.1,4223.0,11.75,3499.0,0.508,666.0,0.485,1020.0,0.489,1607.0,0.485,1844.0,0.528
219,Cleansing Wildfire,R,C,39324.0,8.48,4945.0,11.91,2726.0,0.495,571.0,0.473,745.0,0.511,1260.0,0.492,1442.0,0.501
220,Broken Wings,G,C,39401.0,8.11,3975.0,11.93,2777.0,0.496,434.0,0.461,778.0,0.515,1185.0,0.497,1543.0,0.496
221,Tormenting Voice,R,C,39656.0,8.5,5076.0,11.97,3159.0,0.504,574.0,0.458,852.0,0.464,1396.0,0.459,1715.0,0.543
